MTX,MNB,SVM,AVG
accuracy,0.8386666666666667,0.9016666666666666,0.9013333333333333
balanced_accuracy,0.657740828513273,0.8586766696253724,0.8530474723665261
f1,0.8236463993906052,0.9021966362354692,0.9013846764212348
precision,0.845989391269585,0.9029971127989523,0.9014753421922267
