,kernels,accuracy
0,linear,0.9033333333333333
1,poly,0.424
2,rbf,0.8666666666666667
3,sigmoid,0.8473333333333334
