MTX,MNB,SVM,AVG
accuracy,0.8386666666666667,0.9016666666666666,0.9006666666666666
balanced_accuracy,0.657740828513273,0.8586766696253724,0.8519238768609082
f1,0.8236463993906052,0.9021966362354692,0.9006958457697377
precision,0.845989391269585,0.9029971127989523,0.9007839595666097
